SampleID	FamilyID	Population	Gender
HG00096	HG00096	GBR	male
HG00097	HG00097	GBR	female
HG00099	HG00099	GBR	female
HG00100	HG00100	GBR	female
HG00101	HG00101	GBR	male
HG00102	HG00102	GBR	female
HG00103	HG00103	GBR	male
HG00105	HG00105	GBR	male
HG00106	HG00106	GBR	female
HG00107	HG00107	GBR	male
HG00108	HG00108	GBR	male
HG00109	HG00109	GBR	male
HG00110	HG00110	GBR	female
HG00111	HG00111	GBR	female
HG00112	HG00112	GBR	male
HG00113	HG00113	GBR	male
HG00114	HG00114	GBR	male
HG00115	HG00115	GBR	male
HG00116	HG00116	GBR	male
HG00117	HG00117	GBR	male
HG00118	HG00118	GBR	female
HG00119	HG00119	GBR	male
HG00120	HG00120	GBR	female
HG00121	HG00121	GBR	female
HG00122	HG00122	GBR	female
HG00123	HG00123	GBR	female
HG00125	HG00125	GBR	female
HG00126	HG00126	GBR	male
HG00127	HG00127	GBR	female
HG00128	HG00128	GBR	female
HG00129	HG00129	GBR	male
HG00130	HG00130	GBR	female
HG00131	HG00131	GBR	male
HG00132	HG00132	GBR	female
HG00133	HG00133	GBR	female
HG00136	HG00136	GBR	male
HG00137	HG00137	GBR	female
HG00138	HG00138	GBR	male
HG00139	HG00139	GBR	male
HG00140	HG00140	GBR	male
HG00141	HG00141	GBR	male
HG00142	HG00142	GBR	male
HG00143	HG00143	GBR	male
HG00145	HG00145	GBR	male
HG00146	GBR002	GBR	female
HG00148	HG00148	GBR	male
HG00149	HG00149	GBR	male
HG00150	HG00150	GBR	female
HG00151	HG00151	GBR	male
HG00154	HG00154	GBR	female
HG00155	GBR001	GBR	male
HG00157	HG00157	GBR	male
HG00158	GBR003	GBR	female
HG00159	HG00159	GBR	male
HG00160	HG00160	GBR	male
HG00171	HG00171	FIN	female
HG00173	HG00173	FIN	female
HG00174	HG00174	FIN	female
HG00176	HG00176	FIN	female
HG00177	HG00177	FIN	female
HG00178	HG00178	FIN	female
HG00179	HG00179	FIN	female
HG00180	HG00180	FIN	female
HG00181	HG00181	FIN	male
HG00182	HG00182	FIN	male
HG00183	HG00183	FIN	male
HG00185	HG00185	FIN	male
HG00186	HG00186	FIN	male
HG00187	HG00187	FIN	male
HG00188	HG00188	FIN	male
HG00189	HG00189	FIN	male
HG00190	HG00190	FIN	male
HG00231	HG00231	GBR	female
HG00232	HG00232	GBR	female
HG00233	HG00233	GBR	female
HG00234	HG00234	GBR	male
HG00235	HG00235	GBR	female
HG00236	HG00236	GBR	female
HG00237	HG00237	GBR	female
HG00238	HG00238	GBR	female
HG00239	HG00239	GBR	female
HG00240	HG00240	GBR	female
HG00242	HG00242	GBR	male
HG00243	HG00243	GBR	male
HG00244	HG00244	GBR	male
HG00245	HG00245	GBR	female
HG00246	HG00246	GBR	male
HG00250	HG00250	GBR	female
HG00251	HG00251	GBR	male
HG00252	HG00252	GBR	male
HG00253	HG00253	GBR	female
HG00254	HG00254	GBR	female
HG00255	HG00255	GBR	female
HG00256	HG00256	GBR	male
HG00257	HG00257	GBR	female
HG00258	HG00258	GBR	female
HG00259	HG00259	GBR	female
HG00260	HG00260	GBR	male
HG00261	HG00261	GBR	female
HG00262	HG00262	GBR	female
HG00263	HG00263	GBR	female
HG00264	HG00264	GBR	male
HG00265	HG00265	GBR	male
HG00266	HG00266	FIN	female
HG00267	HG00267	FIN	male
HG00268	HG00268	FIN	female
HG00269	HG00269	FIN	female
HG00271	HG00271	FIN	male
HG00272	HG00272	FIN	female
HG00273	HG00273	FIN	male
HG00274	HG00274	FIN	female
HG00275	HG00275	FIN	female
HG00276	HG00276	FIN	female
HG00277	HG00277	FIN	male
HG00278	HG00278	FIN	male
HG00280	HG00280	FIN	male
HG00281	HG00281	FIN	female
HG00282	HG00282	FIN	female
HG00284	HG00284	FIN	male
HG00285	HG00285	FIN	female
HG00288	HG00288	FIN	female
HG00290	HG00290	FIN	male
HG00304	HG00304	FIN	female
HG00306	HG00306	FIN	female
HG00308	HG00308	FIN	male
HG00309	HG00309	FIN	female
HG00310	HG00310	FIN	male
HG00311	HG00311	FIN	male
HG00313	HG00313	FIN	female
HG00315	HG00315	FIN	female
HG00318	HG00318	FIN	female
HG00319	HG00319	FIN	female
HG00320	HG00320	FIN	female
HG00321	HG00321	FIN	male
HG00323	HG00323	FIN	female
HG00324	HG00324	FIN	female
HG00325	HG00325	FIN	male
HG00326	HG00326	FIN	female
HG00327	HG00327	FIN	female
HG00328	HG00328	FIN	female
HG00329	HG00329	FIN	male
HG00330	HG00330	FIN	female
HG00331	HG00331	FIN	female
HG00332	HG00332	FIN	female
HG00334	HG00334	FIN	female
HG00335	HG00335	FIN	male
HG00336	HG00336	FIN	male
HG00337	HG00337	FIN	female
HG00338	HG00338	FIN	male
HG00339	HG00339	FIN	female
HG00341	HG00341	FIN	male
HG00342	HG00342	FIN	male
HG00343	HG00343	FIN	female
HG00344	HG00344	FIN	female
HG00345	HG00345	FIN	male
HG00346	HG00346	FIN	female
HG00349	HG00349	FIN	female
HG00350	HG00350	FIN	female
HG00351	HG00351	FIN	male
HG00353	HG00353	FIN	female
HG00355	HG00355	FIN	female
HG00356	HG00356	FIN	female
HG00357	HG00357	FIN	female
HG00358	HG00358	FIN	male
HG00360	HG00360	FIN	male
HG00361	HG00361	FIN	female
HG00362	HG00362	FIN	female
HG00364	HG00364	FIN	female
HG00365	HG00365	FIN	female
HG00366	HG00366	FIN	male
HG00367	HG00367	FIN	female
HG00368	HG00368	FIN	female
HG00369	HG00369	FIN	male
HG00371	HG00371	FIN	male
HG00372	HG00372	FIN	male
HG00373	HG00373	FIN	female
HG00375	HG00375	FIN	male
HG00376	HG00376	FIN	female
HG00378	HG00378	FIN	female
HG00379	HG00379	FIN	female
HG00380	HG00380	FIN	female
HG00381	HG00381	FIN	female
HG00382	HG00382	FIN	male
HG00383	HG00383	FIN	female
HG00384	HG00384	FIN	female
HG00403	SH001	CHS	male
HG00404	SH001	CHS	female
HG00406	SH002	CHS	male
HG00407	SH002	CHS	female
HG00409	SH003	CHS	male
HG00410	SH003	CHS	female
HG00419	SH006	CHS	female
HG00421	SH007	CHS	male
HG00422	SH007	CHS	female
HG00428	SH009	CHS	female
HG00436	SH012	CHS	male
HG00437	SH012	CHS	female
HG00442	SH014	CHS	male
HG00443	SH014	CHS	female
HG00445	SH015	CHS	male
HG00446	SH015	CHS	female
HG00448	SH016	CHS	male
HG00449	SH016	CHS	female
HG00451	SH017	CHS	male
HG00452	SH017	CHS	female
HG00457	SH019	CHS	male
HG00458	SH019	CHS	female
HG00463	SH021	CHS	male
HG00464	SH021	CHS	female
HG00472	SH024	CHS	male
HG00473	SH024	CHS	female
HG00475	SH025	CHS	male
HG00476	SH025	CHS	female
HG00478	SH026	CHS	male
HG00479	SH026	CHS	female
HG00500	SH028	CHS	male
HG00513	SH032	CHS	female
HG00524	SH036	CHS	male
HG00525	SH036	CHS	female
HG00530	SH038	CHS	male
HG00531	SH038	CHS	female
HG00533	SH039	CHS	male
HG00534	SH039	CHS	female
HG00536	SH040	CHS	male
HG00537	SH040	CHS	female
HG00542	SH042	CHS	male
HG00543	SH042	CHS	female
HG00551	PR01	PUR	female
HG00553	PR02	PUR	male
HG00554	PR02	PUR	female
HG00556	SH045	CHS	male
HG00557	SH045	CHS	female
HG00559	SH046	CHS	male
HG00560	SH046	CHS	female
HG00565	SH048	CHS	male
HG00566	SH048	CHS	female
HG00580	SH053	CHS	male
HG00581	SH053	CHS	female
HG00583	SH054	CHS	male
HG00584	SH054	CHS	female
HG00589	SH056	CHS	male
HG00590	SH056	CHS	female
HG00592	SH057	CHS	male
HG00593	SH057	CHS	female
HG00595	SH058	CHS	male
HG00596	SH058	CHS	female
HG00598	SH059	CHS	male
HG00599	SH059	CHS	female
HG00607	SH062	CHS	male
HG00608	SH062	CHS	female
HG00610	SH063	CHS	male
HG00611	SH063	CHS	female
HG00613	SH064	CHS	male
HG00614	SH064	CHS	female
HG00619	SH066	CHS	male
HG00620	SH066	CHS	female
HG00622	SH067	CHS	male
HG00623	SH067	CHS	female
HG00625	SH068	CHS	male
HG00626	SH068	CHS	female
HG00628	SH069	CHS	male
HG00629	SH069	CHS	female
HG00631	SH070	CHS	male
HG00632	SH070	CHS	female
HG00634	SH071	CHS	male
HG00637	PR03	PUR	male
HG00638	PR03	PUR	female
HG00640	PR04	PUR	male
HG00641	PR04	PUR	female
HG00650	SH072	CHS	male
HG00651	SH072	CHS	female
HG00653	SH073	CHS	male
HG00654	SH073	CHS	female
HG00656	SH074	CHS	male
HG00657	SH074	CHS	female
HG00662	SH076	CHS	male
HG00663	SH076	CHS	female
HG00671	SH079	CHS	male
HG00672	SH079	CHS	female
HG00674	SH080	CHS	male
HG00675	SH080	CHS	female
HG00683	SH083	CHS	male
HG00684	SH083	CHS	female
HG00689	SH085	CHS	male
HG00690	SH085	CHS	female
HG00692	SH086	CHS	male
HG00693	SH086	CHS	female
HG00698	SH088	CHS	male
HG00699	SH088	CHS	female
HG00701	SH089	CHS	male
HG00704	SH090	CHS	male
HG00705	SH090	CHS	female
HG00707	SH091	CHS	male
HG00708	SH091	CHS	female
HG00717	SH094	CHS	female
HG00728	SH098	CHS	male
HG00729	SH098	CHS	female
HG00731	PR05	PUR	male
HG00732	PR05	PUR	female
HG00734	PR06	PUR	female
HG00736	PR07	PUR	male
HG00737	PR07	PUR	female
HG00739	PR09	PUR	male
HG00740	PR09	PUR	female
HG00742	PR10	PUR	male
HG00743	PR10	PUR	female
HG00759	HG00759	CDX	female
HG00766	HG00766	CDX	female
HG00844	HG00844	CDX	male
HG00851	HG00851	CDX	female
HG00864	HG00864	CDX	female
HG00867	CDX1	CDX	female
HG00879	HG00879	CDX	female
HG00881	HG00881	CDX	male
HG00956	HG00956	CDX	female
HG00978	HG00978	CDX	female
HG00982	HG00982	CDX	male
HG01028	HG01028	CDX	male
HG01029	HG01029	CDX	female
HG01031	HG01031	CDX	male
HG01046	HG01046	CDX	female
HG01047	PR06	PUR	male
HG01048	PR08	PUR	male
HG01049	PR08	PUR	female
HG01051	PR11	PUR	male
HG01052	PR11	PUR	female
HG01054	PR12	PUR	male
HG01055	PR12	PUR	female
HG01058	PR13	PUR	female
HG01060	PR14	PUR	male
HG01061	PR14	PUR	female
HG01063	PR15	PUR	male
HG01064	PR15	PUR	female
HG01066	PR16	PUR	male
HG01067	PR16	PUR	female
HG01069	PR17	PUR	male
HG01070	PR17	PUR	female
HG01072	PR18	PUR	male
HG01073	PR18	PUR	female
HG01075	PR01	PUR	male
HG01077	PR20	PUR	female
HG01079	PR21	PUR	male
HG01080	PR21	PUR	female
HG01082	PR28	PUR	male
HG01083	PR28	PUR	female
HG01085	PR26	PUR	male
HG01086	PR26	PUR	female
HG01088	PR27	PUR	male
HG01089	PR27	PUR	female
HG01092	PR30	PUR	female
HG01094	PR29	PUR	male
HG01095	PR29	PUR	female
HG01097	PR31	PUR	male
HG01098	PR31	PUR	female
HG01101	PR19	PUR	male
HG01102	PR19	PUR	female
HG01104	PR25	PUR	male
HG01105	PR25	PUR	female
HG01107	PR33	PUR	male
HG01108	PR33	PUR	female
HG01110	PR34	PUR	male
HG01111	PR34	PUR	female
HG01112	CLM03	CLM	male
HG01113	CLM03	CLM	female
HG01119	CLM01	CLM	female
HG01121	CLM02	CLM	male
HG01122	CLM02	CLM	female
HG01124	CLM04	CLM	male
HG01125	CLM04	CLM	female
HG01130	CLM06	CLM	male
HG01131	CLM06	CLM	female
HG01133	CLM07	CLM	male
HG01134	CLM07	CLM	female
HG01136	CLM08	CLM	male
HG01137	CLM08	CLM	female
HG01139	CLM09	CLM	male
HG01140	CLM09	CLM	female
HG01142	CLM10	CLM	male
HG01148	CLM12	CLM	male
HG01149	CLM12	CLM	female
HG01161	PR35	PUR	male
HG01162	PR35	PUR	female
HG01164	PR37	PUR	male
HG01167	PR39	PUR	male
HG01168	PR39	PUR	female
HG01170	PR24	PUR	male
HG01171	PR24	PUR	female
HG01173	PR36	PUR	male
HG01174	PR36	PUR	female
HG01176	PR42	PUR	male
HG01177	PR42	PUR	female
HG01182	PR44	PUR	male
HG01183	PR44	PUR	female
HG01187	PR38	PUR	male
HG01188	PR38	PUR	female
HG01190	PR40	PUR	male
HG01191	PR40	PUR	female
HG01197	PR46	PUR	male
HG01198	PR46	PUR	female
HG01200	PR47	PUR	male
HG01204	PR49	PUR	male
HG01205	PR49	PUR	female
HG01241	PR22	PUR	male
HG01242	PR22	PUR	female
HG01247	PR32	PUR	male
HG01248	PR32	PUR	female
HG01250	CLM14	CLM	male
HG01251	CLM14	CLM	female
HG01253	CLM15	CLM	male
HG01254	CLM15	CLM	female
HG01256	CLM16	CLM	male
HG01257	CLM16	CLM	female
HG01259	CLM17	CLM	male
HG01260	CLM17	CLM	female
HG01269	CLM20	CLM	female
HG01271	CLM21	CLM	male
HG01272	CLM21	CLM	female
HG01275	CLM22	CLM	female
HG01277	CLM23	CLM	male
HG01280	CLM24	CLM	male
HG01281	CLM24	CLM	female
HG01284	CLM25	CLM	female
HG01286	PR58	PUR	male
HG01302	PR59	PUR	male
HG01303	PR59	PUR	female
HG01305	PR61	PUR	male
HG01308	PR62	PUR	male
HG01311	PR63	PUR	male
HG01312	PR63	PUR	female
HG01323	PR67	PUR	female
HG01325	PR68	PUR	male
HG01326	PR68	PUR	female
HG01334	HG01334	GBR	male
HG01341	CLM26	CLM	male
HG01342	CLM26	CLM	female
HG01344	CLM27	CLM	male
HG01345	CLM27	CLM	female
HG01348	CLM28	CLM	female
HG01350	CLM29	CLM	male
HG01351	CLM29	CLM	female
HG01353	CLM30	CLM	male
HG01354	CLM30	CLM	female
HG01356	CLM31	CLM	male
HG01357	CLM31	CLM	female
HG01359	CLM32	CLM	male
HG01360	CLM32	CLM	female
HG01362	CLM33	CLM	male
HG01363	CLM33	CLM	female
HG01365	CLM34	CLM	male
HG01366	CLM34	CLM	female
HG01369	CLM35	CLM	female
HG01372	CLM36	CLM	female
HG01374	CLM37	CLM	male
HG01375	CLM37	CLM	female
HG01377	CLM38	CLM	male
HG01378	CLM38	CLM	female
HG01383	CLM40	CLM	male
HG01384	CLM40	CLM	female
HG01389	CLM42	CLM	male
HG01390	CLM42	CLM	female
HG01392	PR70	PUR	male
HG01393	PR70	PUR	female
HG01395	PR71	PUR	male
HG01396	PR71	PUR	female
HG01398	PR72	PUR	male
HG01402	PR74	PUR	male
HG01403	PR74	PUR	female
HG01405	PR75	PUR	male
HG01412	PR76	PUR	male
HG01413	PR78	PUR	male
HG01414	PR78	PUR	female
HG01431	CLM43	CLM	male
HG01432	CLM43	CLM	female
HG01435	CLM44	CLM	female
HG01437	CLM45	CLM	male
HG01438	CLM45	CLM	female
HG01440	CLM46a	CLM	male
HG01441	CLM46	CLM	female
HG01443	CLM47	CLM	male
HG01444	CLM47	CLM	female
HG01447	CLM48	CLM	female
HG01455	CLM51	CLM	male
HG01456	CLM51	CLM	female
HG01459	CLM52	CLM	female
HG01461	CLM53	CLM	male
HG01462	CLM53	CLM	female
HG01464	CLM54	CLM	male
HG01465	CLM54	CLM	female
HG01468	CLM55	CLM	female
HG01474	CLM57	CLM	female
HG01479	CLM59	CLM	male
HG01485	CLM61	CLM	male
HG01486	CLM61	CLM	female
HG01488	CLM62	CLM	male
HG01489	CLM62	CLM	female
HG01491	CLM63	CLM	male
HG01492	CLM63	CLM	female
HG01494	CLM64	CLM	male
HG01495	CLM64	CLM	female
HG01497	CLM65	CLM	male
HG01498	CLM65	CLM	female
HG01500	IBS001	IBS	male
HG01501	IBS001	IBS	female
HG01503	IBS002	IBS	male
HG01504	IBS002	IBS	female
HG01506	IBS003	IBS	male
HG01507	IBS003	IBS	female
HG01509	IBS004	IBS	male
HG01510	IBS004	IBS	female
HG01512	IBS005	IBS	male
HG01513	IBS005	IBS	female
HG01515	IBS006	IBS	male
HG01516	IBS006	IBS	female
HG01518	IBS007	IBS	male
HG01519	IBS007	IBS	female
HG01521	IBS008	IBS	male
HG01522	IBS008	IBS	female
HG01524	IBS009	IBS	male
HG01525	IBS009	IBS	female
HG01527	IBS010	IBS	male
HG01528	IBS010	IBS	female
HG01530	IBS011	IBS	male
HG01531	IBS011	IBS	female
HG01536	IBS013	IBS	male
HG01537	IBS013	IBS	female
HG01550	CLM66	CLM	male
HG01551	CLM66	CLM	female
HG01556	CLM68	CLM	male
HG01565	PEL001	PEL	male
HG01566	PEL001	PEL	female
HG01571	PEL003	PEL	male
HG01572	PEL003	PEL	female
HG01577	PEL005	PEL	male
HG01578	PEL005	PEL	female
HG01583	PK02	PJL	male
HG01586	PK03	PJL	male
HG01589	PK04	PJL	male
HG01593	PK05	PJL	female
HG01595	VN001	KHV	female
HG01596	VN002	KHV	male
HG01597	VN003	KHV	female
HG01598	VN004	KHV	female
HG01599	VN005	KHV	female
HG01600	VN006	KHV	female
HG01602	IBS024	IBS	female
HG01603	IBS024	IBS	male
HG01605	IBS023	IBS	female
HG01606	IBS023	IBS	male
HG01607	IBS022	IBS	female
HG01608	IBS022	IBS	male
HG01610	IBS021	IBS	male
HG01612	IBS021	IBS	female
HG01613	IBS020	IBS	female
HG01615	IBS020	IBS	male
HG01617	IBS019	IBS	male
HG01618	IBS019	IBS	female
HG01619	IBS018	IBS	male
HG01620	IBS018	IBS	female
HG01623	IBS017	IBS	female
HG01624	IBS017	IBS	male
HG01625	IBS016	IBS	male
HG01626	IBS016	IBS	female
HG01628	IBS015	IBS	female
HG01630	IBS015	IBS	male
HG01631	IBS014	IBS	male
HG01632	IBS014	IBS	female
HG01668	IBS025	IBS	female
HG01669	IBS025	IBS	male
HG01670	IBS026	IBS	female
HG01672	IBS026	IBS	male
HG01673	IBS027	IBS	female
HG01675	IBS027	IBS	male
HG01676	IBS028	IBS	female
HG01678	IBS028	IBS	male
HG01679	IBS029	IBS	female
HG01680	IBS029	IBS	male
HG01682	IBS030	IBS	male
HG01684	IBS030	IBS	female
HG01685	IBS031	IBS	female
HG01686	IBS031	IBS	male
HG01694	IBS034	IBS	male
HG01695	IBS034	IBS	female
HG01697	IBS035	IBS	female
HG01699	IBS035	IBS	male
HG01700	IBS036	IBS	male
HG01702	IBS036	IBS	female
HG01704	IBS037	IBS	female
HG01705	IBS037	IBS	male
HG01707	IBS038	IBS	female
HG01708	IBS038	IBS	male
HG01709	IBS039	IBS	male
HG01710	IBS039	IBS	female
HG01746	IBS041	IBS	female
HG01747	IBS041	IBS	male
HG01756	IBS044	IBS	male
HG01757	IBS044	IBS	female
HG01761	IBS046	IBS	male
HG01762	IBS046	IBS	female
HG01765	IBS047	IBS	male
HG01766	IBS047	IBS	female
HG01767	IBS048	IBS	male
HG01768	IBS048	IBS	female
HG01770	IBS049	IBS	female
HG01771	IBS049	IBS	male
HG01773	IBS050	IBS	female
HG01775	IBS050	IBS	male
HG01776	IBS051	IBS	female
HG01777	IBS051	IBS	male
HG01779	IBS052	IBS	female
HG01781	IBS052	IBS	male
HG01783	IBS053	IBS	male
HG01784	IBS053	IBS	female
HG01785	IBS054	IBS	male
HG01786	IBS054	IBS	female
HG01789	HG01789	GBR	male
HG01790	HG01790	GBR	female
HG01791	HG01791	GBR	male
HG01794	HG01794	CDX	female
HG01795	HG01795	CDX	female
HG01796	HG01796	CDX	female
HG01797	HG01797	CDX	female
HG01798	HG01798	CDX	female
HG01799	HG01799	CDX	female
HG01800	HG01800	CDX	female
HG01801	HG01801	CDX	female
HG01802	HG01802	CDX	female
HG01804	HG01804	CDX	female
HG01805	HG01805	CDX	female
HG01806	HG01806	CDX	female
HG01807	HG01807	CDX	female
HG01808	HG01808	CDX	female
HG01809	HG01809	CDX	female
HG01810	HG01810	CDX	male
HG01811	HG01811	CDX	male
HG01812	HG01812	CDX	female
HG01813	HG01813	CDX	female
HG01815	HG01815	CDX	female
HG01816	HG01816	CDX	male
HG01817	HG01817	CDX	female
HG01840	VN007	KHV	male
HG01841	VN008	KHV	female
HG01842	VN009	KHV	male
HG01843	VN010	KHV	female
HG01844	VN011	KHV	male
HG01845	VN012	KHV	female
HG01846	VN013	KHV	male
HG01847	VN014	KHV	female
HG01848	VN015	KHV	female
HG01849	VN016	KHV	male
HG01850	VN017	KHV	female
HG01851	VN018	KHV	female
HG01852	VN019	KHV	male
HG01853	VN020	KHV	female
HG01855	VN022	KHV	female
HG01857	VN024	KHV	female
HG01858	VN025	KHV	female
HG01859	VN026	KHV	female
HG01860	VN027	KHV	male
HG01861	VN028	KHV	male
HG01862	VN029	KHV	female
HG01863	VN030	KHV	female
HG01864	VN031	KHV	male
HG01865	VN032	KHV	male
HG01866	VN033	KHV	male
HG01867	VN034	KHV	male
HG01868	VN035	KHV	female
HG01869	VN036	KHV	female
HG01870	VN037	KHV	female
HG01871	VN038	KHV	female
HG01872	VN039	KHV	male
HG01873	VN040	KHV	male
HG01874	VN041	KHV	female
HG01878	VN045	KHV	female
HG01879	BB01	ACB	male
HG01880	BB01	ACB	female
HG01882	BB02	ACB	male
HG01883	BB02	ACB	female
HG01885	BB03	ACB	male
HG01886	BB04	ACB	female
HG01889	BB05	ACB	female
HG01890	BB05	ACB	male
HG01892	PEL007	PEL	male
HG01893	PEL007	PEL	female
HG01894	BB06	ACB	female
HG01896	BB07	ACB	female
HG01912	BB06	ACB	male
HG01914	BB09	ACB	male
HG01915	BB09	ACB	female
HG01917	PEL006	PEL	male
HG01918	PEL006	PEL	female
HG01920	PEL009	PEL	male
HG01921	PEL009	PEL	female
HG01923	PEL010	PEL	male
HG01924	PEL010	PEL	female
HG01926	PEL011	PEL	male
HG01927	PEL011	PEL	female
HG01932	PEL013	PEL	male
HG01933	PEL013	PEL	female
HG01935	PEL014	PEL	male
HG01936	PEL014	PEL	female
HG01938	PEL015	PEL	male
HG01939	PEL015	PEL	female
HG01941	PEL016	PEL	male
HG01942	PEL016	PEL	female
HG01944	PEL017	PEL	male
HG01945	PEL017	PEL	female
HG01947	PEL018	PEL	male
HG01948	PEL018	PEL	female
HG01950	PEL019	PEL	male
HG01951	PEL019	PEL	female
HG01953	PEL020	PEL	male
HG01954	PEL020	PEL	female
HG01956	BB03	ACB	female
HG01958	BB10	ACB	female
HG01961	PEL21	PEL	male
HG01965	PEL22	PEL	female
HG01967	PEL023	PEL	male
HG01968	PEL023	PEL	female
HG01970	PEL024	PEL	male
HG01971	PEL024	PEL	female
HG01973	PEL25	PEL	female
HG01974	PEL25	PEL	male
HG01976	PEL26	PEL	female
HG01977	PEL26	PEL	male
HG01979	PEL27	PEL	male
HG01980	PEL27	PEL	female
HG01982	PEL28	PEL	male
HG01985	BB08	ACB	female
HG01986	BB10	ACB	male
HG01988	BB11	ACB	male
HG01989	BB11	ACB	female
HG01990	BB12	ACB	male
HG01991	PEL29	PEL	male
HG01992	PEL29	PEL	female
HG01997	PEL31	PEL	female
HG02002	PEL33	PEL	male
HG02003	PEL33	PEL	female
HG02006	PEL34	PEL	female
HG02008	PEL31	PEL	male
HG02009	BB13	ACB	male
HG02010	BB13	ACB	female
HG02012	BB12	ACB	female
HG02013	BB07	ACB	male
HG02014	BB04	ACB	male
HG02016	VN046	KHV	female
HG02017	VN046	KHV	male
HG02019	VN047	KHV	female
HG02020	VN047	KHV	male
HG02023	VN048	KHV	male
HG02025	VN049	KHV	female
HG02026	VN049	KHV	male
HG02028	VN050	KHV	female
HG02029	VN050	KHV	male
HG02031	VN051	KHV	female
HG02032	VN051	KHV	male
HG02035	VN052	KHV	male
HG02040	VN054	KHV	male
HG02047	VN056	KHV	male
HG02048	VN057	KHV	female
HG02049	VN058	KHV	female
HG02050	VN059	KHV	male
HG02051	BB14	ACB	male
HG02052	BB14	ACB	female
HG02053	BB15	ACB	male
HG02054	BB15	ACB	female
HG02057	VN060	KHV	female
HG02058	VN060	KHV	male
HG02060	VN061	KHV	female
HG02061	VN061	KHV	male
HG02064	VN062	KHV	male
HG02067	VN063	KHV	male
HG02069	VN064	KHV	female
HG02070	VN064	KHV	male
HG02072	VN065	KHV	female
HG02073	VN065	KHV	male
HG02075	VN066	KHV	female
HG02076	VN066	KHV	male
HG02078	VN067	KHV	female
HG02079	VN067	KHV	male
HG02081	VN068	KHV	female
HG02082	VN068	KHV	male
HG02084	VN069	KHV	female
HG02085	VN069	KHV	male
HG02086	VN070	KHV	female
HG02087	VN071	KHV	female
HG02088	VN072	KHV	male
HG02089	PEL35	PEL	female
HG02090	PEL35	PEL	male
HG02095	BB16	ACB	female
HG02102	PEL37	PEL	female
HG02104	PEL38	PEL	male
HG02105	PEL38	PEL	female
HG02107	BB18	ACB	male
HG02108	BB18	ACB	female
HG02111	BB19	ACB	female
HG02113	VN073	KHV	female
HG02116	VN074	KHV	male
HG02121	VN076	KHV	female
HG02122	VN076	KHV	male
HG02127	VN078	KHV	female
HG02128	VN078	KHV	male
HG02130	VN079	KHV	female
HG02131	VN079	KHV	male
HG02133	VN080	KHV	female
HG02134	VN080	KHV	male
HG02136	VN081	KHV	female
HG02137	VN081	KHV	male
HG02138	VN082	KHV	male
HG02139	VN083	KHV	female
HG02140	VN084	KHV	female
HG02141	VN085	KHV	male
HG02142	VN086	KHV	female
HG02143	BB20	ACB	male
HG02144	BB20	ACB	female
HG02146	PEL39	PEL	male
HG02147	PEL39	PEL	female
HG02150	PEL40	PEL	male
HG02151	HG02151	CDX	female
HG02152	HG02152	CDX	female
HG02153	HG02153	CDX	female
HG02154	HG02154	CDX	female
HG02155	HG02155	CDX	female
HG02156	HG02156	CDX	female
HG02164	HG02164	CDX	female
HG02165	HG02165	CDX	female
HG02166	HG02166	CDX	female
HG02178	HG02178	CDX	female
HG02179	HG02179	CDX	female
HG02180	HG02180	CDX	female
HG02181	HG02181	CDX	female
HG02182	HG02182	CDX	female
HG02184	HG02184	CDX	female
HG02185	HG02185	CDX	female
HG02186	HG02186	CDX	female
HG02187	HG02187	CDX	female
HG02188	HG02188	CDX	female
HG02190	HG02190	CDX	female
HG02215	HG02215	GBR	female
HG02219	IBS055	IBS	male
HG02220	IBS056	IBS	female
HG02221	IBS056	IBS	male
HG02223	IBS057	IBS	female
HG02224	IBS057	IBS	male
HG02230	IBS059	IBS	female
HG02231	IBS059	IBS	male
HG02232	IBS060	IBS	female
HG02233	IBS060	IBS	male
HG02235	IBS061	IBS	female
HG02236	IBS061	IBS	male
HG02238	IBS062	IBS	male
HG02239	IBS062	IBS	female
HG02250	HG02250	CDX	male
HG02252	PEL41	PEL	female
HG02253	PEL41	PEL	male
HG02255	BB21	ACB	male
HG02256	BB21	ACB	female
HG02259	PEL42	PEL	male
HG02260	PEL42	PEL	female
HG02262	PEL43	PEL	male
HG02265	PEL44	PEL	male
HG02266	PEL44	PEL	female
HG02271	PEL46	PEL	male
HG02272	PEL46	PEL	female
HG02274	PEL47	PEL	male
HG02275	PEL47	PEL	female
HG02277	PEL48	PEL	male
HG02278	PEL48	PEL	female
HG02281	BB24	ACB	male
HG02282	BB24	ACB	female
HG02283	BB25	ACB	male
HG02284	BB26	ACB	male
HG02285	PEL49	PEL	male
HG02286	PEL49	PEL	female
HG02291	PEL51	PEL	male
HG02292	PEL51	PEL	female
HG02298	PEL52	PEL	female
HG02299	PEL52	PEL	male
HG02301	PEL53	PEL	female
HG02304	PEL54	PEL	male
HG02307	BB23	ACB	male
HG02308	BB23	ACB	female
HG02309	BB25	ACB	female
HG02312	PEL55	PEL	female
HG02314	BB22	ACB	male
HG02315	BB22	ACB	female
HG02317	BB27	ACB	male
HG02318	BB27	ACB	female
HG02322	BB28	ACB	female
HG02323	BB29	ACB	male
HG02325	BB30	ACB	female
HG02330	BB33	ACB	male
HG02332	BB16	ACB	male
HG02334	BB32	ACB	male
HG02337	BB31	ACB	female
HG02339	BB34	ACB	female
HG02343	BB35	ACB	male
HG02345	PEL56	PEL	female
HG02348	PEL57	PEL	female
HG02351	HG02351	CDX	male
HG02353	HG02353	CDX	male
HG02355	HG02355	CDX	male
HG02356	HG02356	CDX	male
HG02360	HG02360	CDX	male
HG02364	HG02364	CDX	male
HG02367	HG02367	CDX	male
HG02371	CDX2	CDX	male
HG02373	HG02373	CDX	male
HG02374	HG02374	CDX	male
HG02375	HG02375	CDX	male
HG02379	HG02379	CDX	male
HG02380	HG02380	CDX	male
HG02382	HG02382	CDX	male
HG02383	HG02383	CDX	male
HG02384	HG02384	CDX	male
HG02385	HG02385	CDX	male
HG02386	HG02386	CDX	male
HG02389	HG02389	CDX	male
HG02390	HG02390	CDX	male
HG02391	HG02391	CDX	male
HG02392	HG02392	CDX	male
HG02394	HG02394	CDX	male
HG02395	HG02395	CDX	male
HG02396	HG02396	CDX	male
HG02397	HG02397	CDX	male
HG02398	HG02398	CDX	male
HG02399	HG02399	CDX	male
HG02401	HG02401	CDX	male
HG02402	HG02402	CDX	male
HG02406	HG02406	CDX	male
HG02407	HG02407	CDX	male
HG02408	HG02408	CDX	male
HG02409	HG02409	CDX	male
HG02410	HG02410	CDX	male
HG02419	BB36	ACB	female
HG02420	BB37	ACB	male
HG02425	PEL59	PEL	female
HG02427	BB37	ACB	female
HG02429	BB39	ACB	male
HG02433	BB41	ACB	male
HG02439	BB42	ACB	male
HG02442	BB43	ACB	male
HG02445	BB44	ACB	male
HG02449	BB46	ACB	male
HG02450	BB46	ACB	female
HG02455	BB48	ACB	male
HG02461	GB15	GWD	male
HG02462	GB15	GWD	female
HG02464	GB16	GWD	male
HG02465	GB16	GWD	female
HG02470	BB49	ACB	male
HG02471	BB49	ACB	female
HG02476	BB51	ACB	female
HG02477	BB52	ACB	female
HG02479	BB53	ACB	female
HG02481	BB54	ACB	male
HG02484	BB55	ACB	male
HG02485	BB55	ACB	female
HG02489	BB45	ACB	male
HG02490	PK06	PJL	male
HG02491	PK06	PJL	female
HG02493	PK07	PJL	male
HG02494	PK07	PJL	female
HG02496	BB57	ACB	male
HG02497	BB57	ACB	female
HG02501	BB58	ACB	male
HG02502	BB58	ACB	female
HG02505	BB59	ACB	female
HG02508	BB60	ACB	female
HG02511	BB56	ACB	female
HG02512	VN087	KHV	male
HG02513	VN087	KHV	female
HG02521	VN090	KHV	male
HG02522	VN090	KHV	female
HG02536	BB61	ACB	male
HG02537	BB61	ACB	female
HG02541	BB63	ACB	male
HG02545	BB64	ACB	male
HG02546	BB64	ACB	female
HG02549	BB65	ACB	female
HG02554	BB67	ACB	male
HG02555	BB67	ACB	female
HG02557	BB68	ACB	male
HG02558	BB68	ACB	female
HG02561	GB18	GWD	male
HG02562	GB18	GWD	female
HG02568	GB20	GWD	female
HG02570	GB21	GWD	male
HG02571	GB21	GWD	female
HG02573	GB22	GWD	male
HG02574	GB22	GWD	female
HG02577	BB69	ACB	female
HG02580	BB70	ACB	female
HG02582	GB23	GWD	male
HG02583	GB23	GWD	female
HG02585	GB24	GWD	male
HG02586	GB24	GWD	female
HG02588	GB25	GWD	male
HG02589	GB25	GWD	female
HG02594	GB27	GWD	male
HG02595	GB27	GWD	female
HG02597	PK08	PJL	male
HG02600	PK09	PJL	male
HG02601	PK09	PJL	female
HG02603	PK10	PJL	male
HG02604	PK10	PJL	female
HG02610	GB28	GWD	male
HG02611	GB28	GWD	female
HG02613	GB29	GWD	male
HG02614	GB29	GWD	female
HG02620	GB31	GWD	male
HG02621	GB31	GWD	female
HG02623	GB32	GWD	male
HG02624	GB32	GWD	female
HG02628	GB33	GWD	male
HG02629	GB33	GWD	female
HG02634	GB35	GWD	male
HG02635	GB35	GWD	female
HG02642	GB37	GWD	male
HG02643	GB37	GWD	female
HG02645	GB38	GWD	male
HG02646	GB38	GWD	female
HG02648	PK11	PJL	male
HG02649	PK11	PJL	female
HG02651	PK12	PJL	male
HG02652	PK12	PJL	female
HG02654	PK13	PJL	male
HG02655	PK13	PJL	female
HG02657	PK14	PJL	male
HG02658	PK14	PJL	female
HG02660	PK15	PJL	male
HG02661	PK15	PJL	female
HG02666	GB40	GWD	male
HG02667	GB40	GWD	female
HG02675	GB43	GWD	male
HG02676	GB43	GWD	female
HG02678	GB44	GWD	male
HG02679	GB44	GWD	female
HG02681	PK16	PJL	male
HG02682	PK16	PJL	female
HG02684	PK17	PJL	male
HG02685	PK17	PJL	female
HG02687	PK18	PJL	male
HG02688	PK18	PJL	female
HG02690	PK19	PJL	male
HG02691	PK19	PJL	female
HG02694	PK20	PJL	female
HG02696	PK21	PJL	male
HG02697	PK21	PJL	female
HG02699	PK22	PJL	male
HG02700	PK22	PJL	female
HG02702	GB45	GWD	male
HG02703	GB45	GWD	female
HG02715	GB50	GWD	male
HG02716	GB50	GWD	female
HG02721	GB52	GWD	male
HG02722	GB52	GWD	female
HG02724	PK23	PJL	male
HG02725	PK23	PJL	female
HG02727	PK24	PJL	male
HG02728	PK24	PJL	female
HG02731	PK25	PJL	female
HG02733	PK26	PJL	male
HG02734	PK26	PJL	female
HG02736	PK27	PJL	male
HG02737	PK27	PJL	female
HG02756	GB53	GWD	male
HG02757	GB53	GWD	female
HG02759	GB54	GWD	male
HG02760	GB54	GWD	female
HG02763	GB55	GWD	female
HG02768	GB57	GWD	male
HG02769	GB57	GWD	female
HG02771	GB58	GWD	male
HG02772	GB58	GWD	female
HG02774	PK28	PJL	male
HG02775	PK28	PJL	female
HG02778	PK29	PJL	female
HG02780	PK30	PJL	male
HG02783	PK31	PJL	male
HG02784	PK31	PJL	female
HG02786	PK32	PJL	male
HG02787	PK32	PJL	female
HG02789	PK33	PJL	male
HG02790	PK33	PJL	female
HG02792	PK34	PJL	male
HG02793	PK34	PJL	female
HG02798	GB60	GWD	male
HG02799	GB60	GWD	female
HG02804	GB62	GWD	male
HG02805	GB62	GWD	female
HG02807	GB63	GWD	male
HG02808	GB63	GWD	female
HG02810	GB64	GWD	male
HG02811	GB64	GWD	female
HG02813	GB65	GWD	male
HG02814	GB65	GWD	female
HG02816	GB66	GWD	male
HG02817	GB66	GWD	female
HG02819	GB67	GWD	male
HG02820	GB67	GWD	female
HG02836	GB73	GWD	male
HG02837	GB73	GWD	female
HG02839	GB74	GWD	male
HG02840	GB74	GWD	female
HG02851	GB78	GWD	male
HG02852	GB78	GWD	female
HG02854	GB79	GWD	male
HG02855	GB79	GWD	female
HG02860	GB81	GWD	male
HG02861	GB81	GWD	female
HG02870	GB84	GWD	female
HG02878	GB87	GWD	male
HG02879	GB87	GWD	female
HG02881	GB88	GWD	male
HG02882	GB88	GWD	female
HG02884	GB89	GWD	male
HG02885	GB89	GWD	female
HG02887	GB90	GWD	male
HG02888	GB90	GWD	female
HG02890	GB91	GWD	male
HG02891	GB91	GWD	female
HG02895	GB93	GWD	male
HG02896	GB93	GWD	female
HG02922	NG06	ESN	female
HG02923	NG06	ESN	male
HG02938	NG11	ESN	male
HG02941	NG12	ESN	male
HG02943	NG13	ESN	female
HG02944	NG13	ESN	male
HG02946	NG14	ESN	female
HG02947	NG14	ESN	male
HG02952	NG16	ESN	female
HG02953	NG16	ESN	male
HG02968	NG21	ESN	male
HG02970	NG22	ESN	female
HG02971	NG22	ESN	male
HG02973	NG23	ESN	male
HG02974	NG23	ESN	female
HG02976	NG24	ESN	female
HG02977	NG24	ESN	male
HG02979	NG25	ESN	female
HG02981	NG25	ESN	male
HG02982	GB97	GWD	male
HG02983	GB97	GWD	female
HG03006	BD01	BEB	male
HG03007	BD01	BEB	female
HG03009	HG03009	BEB	male
HG03012	BD3	BEB	male
HG03015	PK35	PJL	male
HG03016	PK35	PJL	female
HG03018	PK36	PJL	male
HG03019	PK36	PJL	female
HG03021	PK37	PJL	male
HG03022	HG03022	PJL	female
HG03024	GB105	GWD	male
HG03025	GB105	GWD	female
HG03027	GB106	GWD	male
HG03028	GB106	GWD	female
HG03039	GB110	GWD	male
HG03040	GB110	GWD	female
HG03045	GB112	GWD	male
HG03046	GB112	GWD	female
HG03048	GB113	GWD	male
HG03049	GB113	GWD	female
HG03052	SL01	MSL	female
HG03054	SL02	MSL	male
HG03055	SL02	MSL	female
HG03057	HG03057	MSL	male
HG03058	SL03	MSL	female
HG03060	HG03060	MSL	male
HG03061	SL04	MSL	female
HG03063	SL05	MSL	male
HG03064	SL05	MSL	female
HG03066	SL06	MSL	male
HG03069	SL07	MSL	male
HG03072	SL08	MSL	male
HG03073	SL08	MSL	female
HG03074	HG03074	MSL	male
HG03077	HG03077	MSL	male
HG03078	HG03078	MSL	male
HG03079	SL10	MSL	female
HG03081	SL11	MSL	male
HG03082	SL11	MSL	female
HG03084	HG03084	MSL	male
HG03085	HG03085	MSL	female
HG03086	HG03086	MSL	female
HG03088	SL13	MSL	female
HG03091	SL14	MSL	female
HG03095	SL15	MSL	female
HG03096	SL16	MSL	male
HG03097	SL16	MSL	female
HG03099	NG26	ESN	female
HG03100	NG26	ESN	male
HG03103	NG27	ESN	male
HG03105	NG28	ESN	female
HG03108	NG29	ESN	female
HG03109	NG29	ESN	male
HG03111	NG30	ESN	female
HG03112	NG30	ESN	male
HG03114	NG31	ESN	female
HG03115	NG31	ESN	male
HG03117	NG32	ESN	female
HG03118	NG32	ESN	male
HG03120	NG33	ESN	male
HG03121	NG33	ESN	female
HG03123	NG34	ESN	female
HG03124	NG34	ESN	male
HG03126	NG35	ESN	female
HG03127	NG35	ESN	male
HG03129	NG36	ESN	female
HG03130	NG36	ESN	male
HG03132	NG37	ESN	female
HG03133	NG37	ESN	male
HG03135	NG38	ESN	female
HG03136	NG38	ESN	male
HG03139	NG39	ESN	male
HG03157	NG45	ESN	male
HG03159	NG46	ESN	female
HG03160	NG46	ESN	male
HG03162	NG47	ESN	female
HG03163	NG47	ESN	male
HG03166	NG48	ESN	male
HG03168	NG49	ESN	female
HG03169	NG49	ESN	male
HG03172	NG50	ESN	male
HG03175	NG51	ESN	male
HG03189	NG56	ESN	female
HG03190	NG56	ESN	male
HG03193	NG57	ESN	male
HG03195	NG58	ESN	female
HG03196	NG58	ESN	male
HG03198	NG59	ESN	female
HG03199	NG59	ESN	male
HG03202	NG60	ESN	male
HG03209	SL17	MSL	male
HG03212	SL18	MSL	female
HG03224	SL22	MSL	male
HG03225	SL23	MSL	male
HG03228	PK38	PJL	male
HG03229	PK38	PJL	female
HG03234	PK40	PJL	male
HG03235	PK40	PJL	female
HG03237	PK41	PJL	male
HG03238	PK41	PJL	female
HG03240	GB114	GWD	male
HG03241	GB114	GWD	female
HG03246	GB116	GWD	male
HG03247	GB116	GWD	female
HG03258	GB120	GWD	male
HG03259	GB120	GWD	female
HG03265	NG63	ESN	male
HG03267	NG64	ESN	female
HG03268	NG64	ESN	male
HG03270	NG65	ESN	female
HG03271	NG65	ESN	male
HG03279	NG68	ESN	female
HG03280	NG68	ESN	male
HG03291	NG72	ESN	female
HG03294	NG73	ESN	female
HG03295	NG73	ESN	male
HG03297	NG74	ESN	female
HG03298	NG74	ESN	male
HG03300	NG75	ESN	female
HG03301	NG75	ESN	male
HG03303	NG76	ESN	female
HG03304	NG76	ESN	male
HG03311	NG78	ESN	male
HG03313	NG79	ESN	male
HG03342	NG89	ESN	female
HG03343	NG89	ESN	male
HG03351	NG92	ESN	female
HG03352	NG92	ESN	male
HG03354	NG93	ESN	female
HG03363	NG96	ESN	female
HG03366	NG97	ESN	female
HG03367	NG97	ESN	male
HG03369	NG98	ESN	female
HG03370	NG98	ESN	male
HG03372	NG99	ESN	female
HG03376	SL24	MSL	male
HG03378	HG03378	MSL	female
HG03380	SL25	MSL	female
HG03382	SL26	MSL	male
HG03385	SL27	MSL	male
HG03388	SL28	MSL	male
HG03391	SL29	MSL	male
HG03394	SL30	MSL	male
HG03397	HG03397	MSL	male
HG03401	SL32	MSL	female
HG03410	SL35	MSL	female
HG03419	SL38	MSL	female
HG03428	SL42	MSL	female
HG03432	HG03432	MSL	male
HG03433	HG03433	MSL	male
HG03436	HG03436	MSL	male
HG03437	HG03437	MSL	female
HG03439	SL46	MSL	male
HG03442	HG03442	MSL	male
HG03445	HG03445	MSL	male
HG03446	HG03446	MSL	female
HG03449	SL49	MSL	female
HG03451	SL50	MSL	male
HG03452	SL50	MSL	female
HG03455	SL51	MSL	female
HG03457	HG03457	MSL	male
HG03458	SL52	MSL	female
HG03460	HG03460	MSL	male
HG03461	HG03461	MSL	female
HG03464	SL54	MSL	female
HG03469	SL56i	MSL	male
HG03470	SL56	MSL	female
HG03472	HG03472	MSL	male
HG03473	SL57	MSL	female
HG03476	SL58	MSL	female
HG03478	SL59	MSL	male
HG03479	SL59	MSL	female
HG03484	SL61	MSL	male
HG03485	SL61	MSL	female
HG03488	PK42	PJL	female
HG03490	PK43	PJL	male
HG03491	PK43	PJL	female
HG03499	NG102	ESN	female
HG03511	NG106	ESN	female
HG03514	NG107	ESN	female
HG03515	NG107	ESN	male
HG03517	NG108	ESN	female
HG03518	NG108	ESN	male
HG03520	NG109	ESN	female
HG03521	NG109	ESN	male
HG03538	GB125	GWD	male
HG03539	GB125	GWD	female
HG03547	HG03547	MSL	male
HG03548	HG03548	MSL	female
HG03556	HG03556	MSL	male
HG03557	HG03557	MSL	female
HG03558	HG03558	MSL	female
HG03559	SL66	MSL	male
HG03563	SL67	MSL	female
HG03565	HG03565	MSL	male
HG03567	HG03567	MSL	female
HG03571	SL70	MSL	male
HG03572	SL70	MSL	female
HG03575	SL71	MSL	female
HG03577	SL72	MSL	male
HG03578	SL72	MSL	female
HG03583	SL73	MSL	female
HG03585	BD4	BEB	male
HG03589	BD05	BEB	female
HG03593	BD6	BEB	male
HG03594	BD7	BEB	male
HG03595	BD7	BEB	female
HG03598	BD8	BEB	female
HG03600	BD09	BEB	male
HG03603	BD10	BEB	male
HG03604	BD10	BEB	female
HG03607	BD11	BEB	female
HG03611	BD12	BEB	female
HG03615	BD14	BEB	male
HG03616	BD14	BEB	female
HG03619	PK44	PJL	female
HG03624	PK46	PJL	male
HG03625	PK46	PJL	female
HG03629	PK47	PJL	male
HG03631	PK48	PJL	female
HG03634	PK49	PJL	female
HG03636	PK50	PJL	male
HG03640	PK51	PJL	female
HG03642	ST006	STU	female
HG03643	ST004	STU	female
HG03644	ST004	STU	male
HG03645	ST002	STU	female
HG03646	ST001	STU	male
HG03649	PK52	PJL	male
HG03652	PK53	PJL	male
HG03653	PK53	PJL	female
HG03660	PK55	PJL	male
HG03663	PK56	PJL	male
HG03667	PK58	PJL	male
HG03668	PK58	PJL	female
HG03672	ST008	STU	male
HG03673	ST010	STU	female
HG03679	ST006	STU	male
HG03680	ST009	STU	male
HG03681	ST011	STU	male
HG03684	ST012	STU	female
HG03685	ST013	STU	male
HG03686	ST014	STU	male
HG03687	ST015	STU	male
HG03689	ST017	STU	female
HG03690	ST018	STU	female
HG03691	ST019	STU	male
HG03692	ST020	STU	female
HG03693	ST021	STU	male
HG03694	ST022	STU	male
HG03695	ST023	STU	male
HG03696	ST024	STU	male
HG03697	ST025	STU	male
HG03698	ST026	STU	female
HG03702	PK60	PJL	male
HG03703	PK60	PJL	female
HG03705	PK61	PJL	male
HG03706	PK61	PJL	female
HG03708	PK62	PJL	male
HG03709	PK62	PJL	female
HG03711	ST027	STU	male
HG03713	IT001	ITU	male
HG03714	IT009	ITU	female
HG03716	IT009	ITU	male
HG03717	IT010	ITU	female
HG03718	IT010	ITU	male
HG03720	IT052	ITU	male
HG03722	IT002	ITU	female
HG03727	IT003	ITU	male
HG03729	IT013	ITU	male
HG03730	IT011	ITU	female
HG03731	IT013	ITU	female
HG03733	ST041	STU	female
HG03736	ST043	STU	female
HG03738	ST044	STU	male
HG03740	ST038	STU	male
HG03741	ST038	STU	female
HG03742	IT015	ITU	male
HG03743	ST046	STU	male
HG03744	ST047	STU	male
HG03745	ST049	STU	male
HG03746	ST050	STU	male
HG03750	ST051	STU	male
HG03752	ST053	STU	female
HG03753	ST054	STU	male
HG03754	ST051	STU	female
HG03755	ST052	STU	male
HG03756	ST052	STU	female
HG03757	ST046	STU	female
HG03760	ST058	STU	female
HG03762	PK63	PJL	female
HG03765	PK64	PJL	female
HG03767	PK65	PJL	male
HG03770	IT016	ITU	female
HG03771	IT016	ITU	male
HG03772	IT004	ITU	female
HG03773	IT004	ITU	male
HG03774	IT020	ITU	female
HG03775	IT020	ITU	male
HG03777	IT022	ITU	male
HG03778	IT21	ITU	male
HG03779	IT019	ITU	male
HG03780	IT039	ITU	female
HG03781	IT018	ITU	female
HG03782	IT029	ITU	female
HG03784	IT023	ITU	female
HG03785	IT024	ITU	male
HG03786	IT023	ITU	male
HG03787	IT027	ITU	female
HG03788	IT028	ITU	male
HG03789	IT028	ITU	female
HG03790	IT025	ITU	male
HG03792	IT026	ITU	male
HG03793	BD15	BEB	female
HG03796	BD16	BEB	female
HG03800	BD17	BEB	male
HG03802	BD18	BEB	female
HG03803	BD18	BEB	male
HG03805	BD19	BEB	female
HG03808	BD20	BEB	female
HG03809	BD20	BEB	male
HG03812	HG03812	BEB	male
HG03814	BD22	BEB	female
HG03815	BD22	BEB	male
HG03817	BD23	BEB	female
HG03821	BD24	BEB	male
HG03823	BD25	BEB	female
HG03824	BD25	BEB	male
HG03826	BD26	BEB	female
HG03829	BD27	BEB	female
HG03830	BD27	BEB	male
HG03832	BD28	BEB	female
HG03833	BD28	BEB	male
HG03836	ST074	STU	female
HG03837	ST079	STU	male
HG03838	ST078	STU	female
HG03844	ST075	STU	male
HG03846	ST080	STU	male
HG03848	ST084	STU	male
HG03849	ST082	STU	female
HG03850	ST082	STU	male
HG03851	ST089	STU	male
HG03854	ST094	STU	male
HG03856	ST092	STU	male
HG03857	ST091	STU	female
HG03858	ST090	STU	female
HG03861	IT032	ITU	female
HG03862	IT035	ITU	female
HG03863	IT033	ITU	female
HG03864	IT034	ITU	male
HG03866	IT030	ITU	male
HG03867	IT038	ITU	male
HG03868	IT5	ITU	female
HG03869	IT035	ITU	male
HG03870	IT037	ITU	male
HG03871	HG03871	ITU	male
HG03872	IT036	ITU	male
HG03873	IT030	ITU	female
HG03874	IT006	ITU	female
HG03875	IT40	ITU	male
HG03882	IT039a	ITU	female
HG03884	ST039	STU	female
HG03885	ST016	STU	male
HG03886	ST016	STU	female
HG03887	ST106	STU	male
HG03888	ST050	STU	female
HG03890	ST110	STU	male
HG03894	ST111	STU	female
HG03895	ST107	STU	female
HG03896	ST111	STU	male
HG03897	ST115	STU	female
HG03898	ST114	STU	female
HG03899	ST114	STU	male
HG03900	ST115	STU	male
HG03902	HG03902	BEB	male
HG03905	BD30	BEB	male
HG03907	BD31	BEB	female
HG03908	BD31	BEB	male
HG03910	BD32	BEB	female
HG03911	BD32	BEB	male
HG03913	BD33	BEB	female
HG03914	BD33	BEB	male
HG03916	HG03916	BEB	female
HG03917	BD34	BEB	male
HG03919	BD35	BEB	female
HG03920	BD35	BEB	male
HG03922	BD36	BEB	female
HG03925	BD37	BEB	female
HG03926	BD37	BEB	male
HG03928	BD38	BEB	female
HG03931	BD39	BEB	female
HG03934	BD40	BEB	female
HG03937	BD41	BEB	female
HG03940	BD42	BEB	female
HG03941	BD42	BEB	male
HG03943	ST116	STU	male
HG03944	ST116	STU	female
HG03945	ST117	STU	female
HG03947	ST118	STU	female
HG03949	ST123	STU	female
HG03950	ST090	STU	male
HG03951	ST013	STU	female
HG03953	ST122	STU	male
HG03955	ST119	STU	female
HG03960	IT044	ITU	male
HG03963	IT042	ITU	male
HG03965	IT45	ITU	male
HG03967	IT51	ITU	male
HG03968	IT046	ITU	female
HG03969	IT046	ITU	male
HG03971	IT048	ITU	male
HG03973	IT050	ITU	female
HG03974	IT049	ITU	male
HG03976	IT050	ITU	male
HG03977	IT047	ITU	female
HG03978	IT047	ITU	male
HG03985	ST144	STU	male
HG03986	ST106	STU	female
HG03989	ST145	STU	female
HG03990	ST142	STU	male
HG03991	ST143	STU	male
HG03995	ST021	STU	female
HG03998	ST147	STU	male
HG03999	ST007	STU	male
HG04001	IT053	ITU	female
HG04002	IT053	ITU	male
HG04003	ST152	STU	male
HG04006	ST078	STU	male
HG04014	IT059	ITU	female
HG04015	IT060	ITU	male
HG04017	IT061	ITU	male
HG04018	IT007	ITU	female
HG04019	IT056	ITU	male
HG04020	IT059	ITU	male
HG04022	IT062	ITU	male
HG04023	IT058	ITU	male
HG04025	IT058	ITU	female
HG04026	IT061	ITU	female
HG04029	ST154	STU	female
HG04033	ST076	STU	male
HG04035	ST094	STU	female
HG04038	ST170	STU	female
HG04039	ST172	STU	male
HG04042	ST171	STU	female
HG04047	ST173	STU	female
HG04054	IT180	ITU	female
HG04056	IT180	ITU	male
HG04059	IT184	ITU	female
HG04060	IT183	ITU	male
HG04061	IT182	ITU	male
HG04062	IT182	ITU	female
HG04063	IT183	ITU	female
HG04070	IT45	ITU	female
HG04075	ST190	STU	female
HG04076	IT191	ITU	female
HG04080	IT194	ITU	male
HG04090	IT199	ITU	female
HG04093	IT199	ITU	male
HG04094	IT201	ITU	male
HG04096	IT202	ITU	male
HG04098	IT205	ITU	male
HG04099	ST203	STU	female
HG04100	ST203	STU	male
HG04106	ST176	STU	female
HG04107	ST176	STU	male
HG04118	IT214	ITU	female
HG04131	BD44	BEB	male
HG04134	BD45	BEB	male
HG04140	BD47	BEB	male
HG04141	BD47	BEB	female
HG04144	BD48	BEB	female
HG04146	BD49	BEB	male
HG04152	BD51	BEB	male
HG04153	BD51	BEB	female
HG04155	BD52	BEB	male
HG04156	BD52	BEB	female
HG04158	BD53	BEB	male
HG04159	BD53	BEB	female
HG04161	BD54	BEB	male
HG04162	BD54	BEB	female
HG04164	BD55	BEB	male
HG04171	BD57	BEB	female
HG04173	BD58	BEB	male
HG04176	BD59	BEB	male
HG04177	BD59	BEB	female
HG04180	BD60	BEB	female
HG04182	BD61	BEB	male
HG04183	BD61	BEB	female
HG04185	BD62	BEB	male
HG04186	BD62	BEB	female
HG04188	BD63	BEB	male
HG04189	BD63	BEB	female
HG04194	BD65	BEB	male
HG04195	BD65	BEB	female
HG04198	IT220	ITU	male
HG04200	IT220	ITU	female
HG04202	IT222	ITU	female
HG04206	HG04206	ITU	male
HG04209	IT217	ITU	female
HG04210	ST186	STU	male
HG04211	IT223	ITU	male
HG04212	IT223	ITU	female
HG04214	IT226	ITU	female
HG04216	IT227	ITU	female
HG04219	IT228	ITU	male
HG04222	IT225	ITU	male
HG04225	IT231	ITU	male
HG04227	ST232	STU	female
HG04229	ST232	STU	male
HG04235	IT237	ITU	male
HG04238	IT240	ITU	male
HG04239	HG04239	ITU	male
NA06984	1328	CEU	male
NA06985	1341	CEU	female
NA06986	13291	CEU	male
NA06989	1328	CEU	female
NA06994	1340	CEU	male
NA07000	1340	CEU	female
NA07037	13291	CEU	female
NA07048	1341	CEU	male
NA07051	13292	CEU	male
NA07056	1340	CEU	female
NA07347	1345	CEU	male
NA07357	1345	CEU	male
NA10847	1334	CEU	female
NA10851	1344	CEU	male
NA11829	1350	CEU	male
NA11830	1350	CEU	female
NA11831	1350	CEU	male
NA11832	1350	CEU	female
NA11840	1349	CEU	female
NA11843	1349	CEU	male
NA11881	1347	CEU	male
NA11892	1377	CEU	female
NA11893	1377	CEU	male
NA11894	1377	CEU	female
NA11918	1423	CEU	female
NA11919	1423	CEU	male
NA11920	1423	CEU	female
NA11930	1424	CEU	male
NA11931	1424	CEU	female
NA11932	1424a	CEU	male
NA11933	1424a	CEU	female
NA11992	1362	CEU	male
NA11994	1362	CEU	male
NA11995	1362	CEU	female
NA12003	1420	CEU	male
NA12004	1420	CEU	female
NA12005	1420	CEU	male
NA12006	1420	CEU	female
NA12043	1346	CEU	male
NA12044	1346	CEU	female
NA12045	1346	CEU	male
NA12046	1346	CEU	female
NA12058	1344	CEU	female
NA12144	1334	CEU	male
NA12154	1408	CEU	male
NA12155	1408	CEU	male
NA12156	1408	CEU	female
NA12234	1375	CEU	female
NA12249	1416	CEU	female
NA12272	1418	CEU	male
NA12273	1418	CEU	female
NA12275	1418	CEU	female
NA12282	1421a	CEU	male
NA12283	1421a	CEU	female
NA12286	1421	CEU	male
NA12287	1421	CEU	female
NA12340	1330	CEU	male
NA12341	1330	CEU	female
NA12342	1330	CEU	male
NA12347	13281	CEU	male
NA12348	13281	CEU	female
NA12383	1353	CEU	female
NA12399	1354	CEU	male
NA12400	1354	CEU	female
NA12413	1355	CEU	male
NA12414	1355	CEU	female
NA12489	1353	CEU	female
NA12546	1353	CEU	male
NA12716	1358	CEU	male
NA12717	1358	CEU	female
NA12718	1358	CEU	female
NA12748	1444	CEU	male
NA12749	1444	CEU	female
NA12750	1444	CEU	male
NA12751	1444	CEU	female
NA12760	1447	CEU	male
NA12761	1447	CEU	female
NA12762	1447	CEU	male
NA12763	1447	CEU	female
NA12775	1451	CEU	male
NA12776	1451	CEU	female
NA12777	1451	CEU	male
NA12778	1451	CEU	female
NA12812	1454	CEU	male
NA12813	1454	CEU	female
NA12814	1454	CEU	male
NA12815	1454	CEU	female
NA12827	1456	CEU	male
NA12828	1456	CEU	female
NA12829	1456	CEU	male
NA12830	1456	CEU	female
NA12842	1458	CEU	male
NA12843	1458	CEU	female
NA12872	1459	CEU	male
NA12873	1459	CEU	female
NA12874	1459	CEU	male
NA12878	1463	CEU	female
NA12889	1463	CEU	male
NA12890	1463	CEU	female
NA18486	Y001	YRI	male
NA18488	Y001	YRI	female
NA18489	Y002	YRI	female
NA18498	Y003	YRI	male
NA18499	Y003	YRI	female
NA18501	Y004	YRI	male
NA18502	Y004	YRI	female
NA18504	Y005	YRI	male
NA18505	Y005	YRI	female
NA18507	Y009	YRI	male
NA18508	Y009	YRI	female
NA18510	Y010a	YRI	male
NA18511	Y010	YRI	female
NA18516	Y013	YRI	male
NA18517	Y013	YRI	female
NA18519	Y014	YRI	male
NA18520	Y014	YRI	female
NA18522	Y016	YRI	male
NA18523	Y016	YRI	female
NA18525	NA18525	CHB	female
NA18526	NA18526	CHB	female
NA18528	NA18528	CHB	female
NA18530	NA18530	CHB	male
NA18531	NA18531	CHB	female
NA18532	NA18532	CHB	female
NA18533	NA18533	CHB	female
NA18534	NA18534	CHB	male
NA18535	NA18535	CHB	female
NA18536	NA18536	CHB	male
NA18537	NA18537	CHB	female
NA18538	NA18538	CHB	female
NA18539	NA18539	CHB	female
NA18541	NA18541	CHB	female
NA18542	NA18542	CHB	female
NA18543	NA18543	CHB	male
NA18544	NA18544	CHB	male
NA18545	NA18545	CHB	female
NA18546	NA18546	CHB	male
NA18547	NA18547	CHB	female
NA18548	NA18548	CHB	male
NA18549	NA18549	CHB	male
NA18550	NA18550	CHB	female
NA18552	NA18552	CHB	female
NA18553	NA18553	CHB	female
NA18555	NA18555	CHB	female
NA18557	NA18557	CHB	male
NA18558	NA18558	CHB	male
NA18559	NA18559	CHB	male
NA18560	NA18560	CHB	female
NA18561	NA18561	CHB	male
NA18562	NA18562	CHB	male
NA18563	NA18563	CHB	male
NA18564	NA18564	CHB	female
NA18565	NA18565	CHB	female
NA18566	NA18566	CHB	female
NA18567	NA18567	CHB	female
NA18570	NA18570	CHB	female
NA18571	NA18571	CHB	female
NA18572	NA18572	CHB	male
NA18573	NA18573	CHB	female
NA18574	NA18574	CHB	female
NA18577	NA18577	CHB	female
NA18579	NA18579	CHB	female
NA18582	NA18582	CHB	female
NA18591	NA18591	CHB	female
NA18592	NA18592	CHB	female
NA18593	NA18593	CHB	female
NA18595	NA18595	CHB	female
NA18596	NA18596	CHB	female
NA18597	NA18597	CHB	female
NA18599	NA18599	CHB	female
NA18602	NA18602	CHB	female
NA18603	NA18603	CHB	male
NA18605	NA18605	CHB	male
NA18606	NA18606	CHB	male
NA18608	NA18608	CHB	male
NA18609	NA18609	CHB	male
NA18610	NA18610	CHB	female
NA18611	NA18611	CHB	male
NA18612	NA18612	CHB	male
NA18613	NA18613	CHB	male
NA18614	NA18614	CHB	female
NA18615	NA18615	CHB	female
NA18616	NA18616	CHB	female
NA18617	NA18617	CHB	female
NA18618	NA18618	CHB	female
NA18619	NA18619	CHB	female
NA18620	NA18620	CHB	male
NA18621	NA18621	CHB	male
NA18622	NA18622	CHB	male
NA18623	NA18623	CHB	male
NA18624	NA18624	CHB	male
NA18625	NA18625	CHB	female
NA18626	NA18626	CHB	female
NA18627	NA18627	CHB	female
NA18628	NA18628	CHB	female
NA18629	NA18629	CHB	male
NA18630	NA18630	CHB	female
NA18631	NA18631	CHB	female
NA18632	NA18632	CHB	male
NA18633	NA18633	CHB	male
NA18634	NA18634	CHB	female
NA18635	NA18635	CHB	male
NA18636	NA18636	CHB	male
NA18637	NA18637	CHB	male
NA18638	NA18638	CHB	male
NA18639	NA18639	CHB	male
NA18640	NA18640	CHB	female
NA18641	NA18641	CHB	female
NA18642	NA18642	CHB	female
NA18643	NA18643	CHB	male
NA18644	NA18644	CHB	female
NA18645	NA18645	CHB	male
NA18646	NA18646	CHB	female
NA18647	NA18647	CHB	male
NA18648	NA18648	CHB	male
NA18740	NA18740	CHB	male
NA18745	NA18745	CHB	male
NA18747	NA18747	CHB	male
NA18748	NA18748	CHB	male
NA18749	NA18749	CHB	male
NA18757	NA18757	CHB	male
NA18853	Y018	YRI	male
NA18856	Y023	YRI	male
NA18858	Y012	YRI	female
NA18861	Y024	YRI	female
NA18864	Y026	YRI	female
NA18865	Y026	YRI	male
NA18867	Y007	YRI	female
NA18868	Y007	YRI	male
NA18870	Y017	YRI	female
NA18871	Y017	YRI	male
NA18873	Y019	YRI	female
NA18874	Y019	YRI	male
NA18876	Y020	YRI	female
NA18877	Y020	YRI	male
NA18878	Y021	YRI	female
NA18879	Y021	YRI	male
NA18881	Y022	YRI	female
NA18907	Y025	YRI	female
NA18908	Y025a	YRI	male
NA18909	Y027	YRI	female
NA18910	Y027	YRI	male
NA18912	Y028	YRI	female
NA18915	Y029	YRI	male
NA18916	Y030	YRI	female
NA18917	Y030	YRI	male
NA18923	Y033	YRI	male
NA18924	Y033	YRI	female
NA18933	Y036	YRI	female
NA18934	Y036	YRI	male
NA18939	NA18939	JPT	female
NA18940	NA18940	JPT	male
NA18941	NA18941	JPT	female
NA18942	NA18942	JPT	female
NA18943	NA18943	JPT	male
NA18944	NA18944	JPT	male
NA18945	NA18945	JPT	male
NA18946	NA18946	JPT	female
NA18947	NA18947	JPT	female
NA18948	NA18948	JPT	male
NA18949	NA18949	JPT	female
NA18950	NA18950	JPT	female
NA18951	NA18951	JPT	female
NA18952	NA18952	JPT	male
NA18953	NA18953	JPT	male
NA18954	NA18954	JPT	female
NA18956	NA18956	JPT	female
NA18957	NA18957	JPT	female
NA18959	NA18959	JPT	male
NA18960	NA18960	JPT	male
NA18961	NA18961	JPT	male
NA18962	NA18962	JPT	male
NA18963	NA18963	JPT	female
NA18964	NA18964	JPT	female
NA18965	NA18965	JPT	male
NA18966	NA18966	JPT	male
NA18967	NA18967	JPT	male
NA18968	NA18968	JPT	female
NA18969	NA18969	JPT	female
NA18970	NA18970	JPT	male
NA18971	NA18971	JPT	male
NA18972	NA18972	JPT	female
NA18973	NA18973	JPT	female
NA18974	NA18974	JPT	male
NA18975	NA18975	JPT	female
NA18976	NA18976	JPT	female
NA18977	NA18977	JPT	male
NA18978	NA18978	JPT	female
NA18979	NA18979	JPT	female
NA18980	NA18980	JPT	female
NA18981	NA18981	JPT	female
NA18982	NA18982	JPT	male
NA18983	NA18983	JPT	male
NA18984	NA18984	JPT	male
NA18985	NA18985	JPT	male
NA18986	NA18986	JPT	male
NA18987	NA18987	JPT	female
NA18988	NA18988	JPT	male
NA18989	NA18989	JPT	male
NA18990	NA18990	JPT	male
NA18991	NA18991	JPT	female
NA18992	NA18992	JPT	female
NA18993	NA18993	JPT	female
NA18994	NA18994	JPT	male
NA18995	NA18995	JPT	male
NA18997	NA18997	JPT	female
NA18998	NA18998	JPT	female
NA18999	NA18999	JPT	female
NA19000	NA19000	JPT	male
NA19001	NA19001	JPT	female
NA19002	NA19002	JPT	female
NA19003	NA19003	JPT	female
NA19004	NA19004	JPT	male
NA19005	NA19005	JPT	male
NA19006	NA19006	JPT	male
NA19007	NA19007	JPT	male
NA19009	NA19009	JPT	male
NA19010	NA19010	JPT	female
NA19011	NA19011	JPT	female
NA19012	NA19012	JPT	male
NA19017	NA19017	LWK	female
NA19019	NA19019	LWK	female
NA19020	NA19020	LWK	male
NA19023	NA19023	LWK	female
NA19024	NA19024	LWK	female
NA19025	NA19025	LWK	male
NA19026	NA19026	LWK	male
NA19027	NA19027	LWK	male
NA19028	NA19028	LWK	male
NA19030	NA19030	LWK	female
NA19031	NA19031	LWK	male
NA19035	NA19035	LWK	male
NA19036	NA19036	LWK	female
NA19037	NA19037	LWK	female
NA19038	NA19038	LWK	female
NA19041	NA19041	LWK	male
NA19042	NA19042	LWK	female
NA19043	NA19043	LWK	male
NA19054	NA19054	JPT	female
NA19055	NA19055	JPT	male
NA19056	NA19056	JPT	male
NA19057	NA19057	JPT	female
NA19058	NA19058	JPT	male
NA19059	NA19059	JPT	female
NA19060	NA19060	JPT	male
NA19062	NA19062	JPT	male
NA19063	NA19063	JPT	male
NA19064	NA19064	JPT	female
NA19065	NA19065	JPT	female
NA19066	NA19066	JPT	male
NA19067	NA19067	JPT	male
NA19068	NA19068	JPT	male
NA19070	NA19070	JPT	male
NA19072	NA19072	JPT	male
NA19074	NA19074	JPT	female
NA19075	NA19075	JPT	male
NA19076	NA19076	JPT	male
NA19077	NA19077	JPT	female
NA19078	NA19078	JPT	female
NA19079	NA19079	JPT	male
NA19080	NA19080	JPT	female
NA19081	NA19081	JPT	female
NA19082	NA19082	JPT	male
NA19083	NA19083	JPT	male
NA19084	NA19084	JPT	female
NA19085	NA19085	JPT	male
NA19086	NA19086	JPT	male
NA19087	NA19087	JPT	female
NA19088	NA19088	JPT	male
NA19089	NA19089	JPT	male
NA19090	NA19090	JPT	female
NA19091	NA19091	JPT	male
NA19092	Y040	YRI	male
NA19093	Y040	YRI	female
NA19095	Y041	YRI	female
NA19096	Y041	YRI	male
NA19098	Y105	YRI	male
NA19099	Y105	YRI	female
NA19102	Y042	YRI	female
NA19107	Y006	YRI	male
NA19108	Y006	YRI	female
NA19113	Y079	YRI	male
NA19114	Y079	YRI	female
NA19116	Y060	YRI	female
NA19117	Y100	YRI	male
NA19118	Y100	YRI	female
NA19119	Y060	YRI	male
NA19121	Y061	YRI	male
NA19129	Y077	YRI	female
NA19130	Y101	YRI	male
NA19131	Y101	YRI	female
NA19137	Y043	YRI	female
NA19138	Y043	YRI	male
NA19141	Y071	YRI	male
NA19143	Y074	YRI	female
NA19144	Y074	YRI	male
NA19146	Y075	YRI	male
NA19147	Y075	YRI	female
NA19149	Y073	YRI	female
NA19152	Y072	YRI	female
NA19153	Y072	YRI	male
NA19159	Y056	YRI	female
NA19160	Y056	YRI	male
NA19171	Y047	YRI	male
NA19172	Y047	YRI	female
NA19175	Y044	YRI	male
NA19184	Y039	YRI	male
NA19185	Y039	YRI	female
NA19189	Y111	YRI	male
NA19190	Y111	YRI	female
NA19197	Y035	YRI	female
NA19198	Y035	YRI	male
NA19200	Y045	YRI	male
NA19201	Y045	YRI	female
NA19204	Y048	YRI	female
NA19206	Y051	YRI	female
NA19207	Y051	YRI	male
NA19209	Y050	YRI	female
NA19210	Y050	YRI	male
NA19213	Y110	YRI	male
NA19214	Y110	YRI	female
NA19222	Y058	YRI	female
NA19223	Y058	YRI	male
NA19225	Y057	YRI	female
NA19235	Y116	YRI	female
NA19236	Y116	YRI	male
NA19238	Y117	YRI	female
NA19239	Y117	YRI	male
NA19247	Y120	YRI	female
NA19248	Y120	YRI	male
NA19256	Y092	YRI	male
NA19257	Y092	YRI	female
NA19307	NA19307	LWK	male
NA19308	NA19308	LWK	male
NA19309	NA19309	LWK	male
NA19310	NA19310	LWK	female
NA19312	NA19312	LWK	male
NA19314	NA19314	LWK	female
NA19315	NA19315	LWK	female
NA19316	NA19316	LWK	female
NA19317	NA19317	LWK	male
NA19318	NA19318	LWK	male
NA19319	NA19319	LWK	male
NA19320	NA19320	LWK	female
NA19321	NA19321	LWK	female
NA19323	NA19323	LWK	female
NA19324	NA19324	LWK	female
NA19327	NA19327	LWK	female
NA19328	NA19328	LWK	female
NA19331	LWK001	LWK	male
NA19332	NA19332	LWK	female
NA19334	NA19334	LWK	male
NA19338	NA19338	LWK	female
NA19346	NA19346	LWK	male
NA19347	NA19347	LWK	male
NA19350	NA19350	LWK	male
NA19351	NA19351	LWK	female
NA19355	NA19355	LWK	female
NA19360	NA19360	LWK	male
NA19372	NA19372	LWK	male
NA19374	NA19374	LWK	male
NA19375	NA19375	LWK	male
NA19376	NA19376	LWK	male
NA19377	NA19377	LWK	female
NA19378	NA19378	LWK	female
NA19379	NA19379	LWK	female
NA19380	NA19380	LWK	male
NA19383	NA19383	LWK	male
NA19384	NA19384	LWK	male
NA19385	NA19385	LWK	male
NA19390	NA19390	LWK	female
NA19391	NA19391	LWK	female
NA19393	NA19393	LWK	male
NA19394	NA19394	LWK	male
NA19395	NA19395	LWK	female
NA19397	NA19397	LWK	male
NA19399	NA19399	LWK	female
NA19401	NA19401	LWK	female
NA19403	NA19403	LWK	female
NA19404	NA19404	LWK	female
NA19428	NA19428	LWK	male
NA19429	NA19429	LWK	male
NA19430	NA19430	LWK	male
NA19431	NA19431	LWK	female
NA19434	LWK003	LWK	female
NA19435	NA19435	LWK	female
NA19436	NA19436	LWK	female
NA19437	NA19437	LWK	female
NA19438	NA19438	LWK	female
NA19439	NA19439	LWK	female
NA19440	NA19440	LWK	female
NA19443	NA19443	LWK	male
NA19445	LWK004	LWK	female
NA19446	NA19446	LWK	female
NA19448	NA19448	LWK	male
NA19449	NA19449	LWK	female
NA19451	NA19451	LWK	male
NA19452	NA19452	LWK	male
NA19454	NA19454	LWK	male
NA19455	NA19455	LWK	male
NA19456	NA19456	LWK	female
NA19457	NA19457	LWK	female
NA19461	NA19461	LWK	male
NA19462	NA19462	LWK	female
NA19463	NA19463	LWK	female
NA19466	NA19466	LWK	male
NA19467	NA19467	LWK	female
NA19468	NA19468	LWK	female
NA19471	NA19471	LWK	female
NA19472	NA19472	LWK	female
NA19473	NA19473	LWK	female
NA19474	NA19474	LWK	female
NA19475	NA19475	LWK	female
NA19625	2357	ASW	female
NA19648	m001	MXL	female
NA19649	m001	MXL	male
NA19651	m005	MXL	female
NA19652	m005	MXL	male
NA19654	m006	MXL	female
NA19655	m006	MXL	male
NA19657	m007	MXL	female
NA19658	m007	MXL	male
NA19661	m008	MXL	male
NA19663	m012	MXL	female
NA19664	m012	MXL	male
NA19669	m002	MXL	female
NA19670	m002	MXL	male
NA19676	m004	MXL	male
NA19678	m009	MXL	female
NA19679	m009	MXL	male
NA19681	m010	MXL	female
NA19682	m010	MXL	male
NA19684	m011	MXL	female
NA19700	2367	ASW	male
NA19701	2367	ASW	female
NA19703	2368	ASW	male
NA19704	2368	ASW	female
NA19707	2369	ASW	female
NA19711	2371	ASW	male
NA19712	2371	ASW	female
NA19713	2436	ASW	female
NA19716	m014	MXL	female
NA19717	m014	MXL	male
NA19719	m015	MXL	female
NA19720	m015	MXL	male
NA19722	m016	MXL	female
NA19723	m016	MXL	male
NA19725	m017	MXL	female
NA19726	m017	MXL	male
NA19728	m018	MXL	female
NA19729	m018	MXL	male
NA19731	m019	MXL	female
NA19732	m019	MXL	male
NA19734	2393	MXL	female
NA19735	2393	MXL	male
NA19740	2395	MXL	female
NA19741	2395	MXL	male
NA19746	m023	MXL	female
NA19747	m023	MXL	male
NA19749	m024	MXL	female
NA19750	m024	MXL	male
NA19752	2401	MXL	female
NA19755	m026	MXL	female
NA19756	m026	MXL	male
NA19758	m027	MXL	female
NA19759	m027	MXL	male
NA19761	m028	MXL	female
NA19762	m028	MXL	male
NA19764	2405	MXL	female
NA19770	m031	MXL	female
NA19771	m031	MXL	male
NA19773	m033	MXL	female
NA19774	m033	MXL	male
NA19776	m034	MXL	female
NA19777	m034	MXL	male
NA19779	m035	MXL	female
NA19780	m035	MXL	male
NA19782	m036	MXL	female
NA19783	m036	MXL	male
NA19785	m032	MXL	female
NA19786	m032	MXL	male
NA19788	m037	MXL	female
NA19789	m037	MXL	male
NA19792	2414	MXL	male
NA19794	m039	MXL	female
NA19795	m039	MXL	male
NA19818	2418	ASW	male
NA19819	2418	ASW	female
NA19834	2424	ASW	male
NA19835	2424	ASW	female
NA19900	2425	ASW	male
NA19901	2425	ASW	female
NA19904	2426	ASW	male
NA19908	2427	ASW	male
NA19909	2427	ASW	female
NA19913	2426a	ASW	female
NA19914	2430	ASW	female
NA19916	2431	ASW	male
NA19917	2431	ASW	female
NA19920	2433	ASW	male
NA19921	2433	ASW	female
NA19922	2434	ASW	male
NA19923	2434	ASW	female
NA19982	2436	ASW	male
NA19984	2437a	ASW	male
NA20126	2446	ASW	male
NA20127	2446	ASW	female
NA20274	2357a	ASW	female
NA20276	2466	ASW	female
NA20278	2467	ASW	male
NA20281	2469a	ASW	male
NA20282	2469	ASW	female
NA20287	2470	ASW	female
NA20289	2471	ASW	female
NA20291	2472	ASW	male
NA20294	2474	ASW	female
NA20296	2475	ASW	female
NA20298	2476a	ASW	male
NA20299	2476	ASW	female
NA20314	2479	ASW	female
NA20317	2480	ASW	female
NA20318	2480a	ASW	male
NA20320	2481a	ASW	female
NA20321	2481	ASW	female
NA20332	2483	ASW	female
NA20334	2484	ASW	female
NA20339	2486	ASW	female
NA20340	2487	ASW	male
NA20342	2488	ASW	male
NA20346	2490	ASW	male
NA20348	2491	ASW	male
NA20351	2493	ASW	male
NA20355	2484a	ASW	female
NA20356	2494	ASW	male
NA20357	2494	ASW	female
NA20359	2495	ASW	female
NA20362	2495a	ASW	male
NA20412	2505	ASW	female
NA20502	NA20502	TSI	female
NA20503	NA20503	TSI	female
NA20504	NA20504	TSI	female
NA20505	NA20505	TSI	female
NA20506	NA20506	TSI	female
NA20507	NA20507	TSI	female
NA20508	NA20508	TSI	female
NA20509	NA20509	TSI	male
NA20510	NA20510	TSI	male
NA20511	NA20511	TSI	male
NA20512	NA20512	TSI	male
NA20513	NA20513	TSI	male
NA20514	NA20514	TSI	female
NA20515	NA20515	TSI	male
NA20516	NA20516	TSI	male
NA20517	NA20517	TSI	female
NA20518	NA20518	TSI	male
NA20519	NA20519	TSI	male
NA20520	NA20520	TSI	male
NA20521	NA20521	TSI	male
NA20522	NA20522	TSI	female
NA20524	NA20524	TSI	male
NA20525	NA20525	TSI	male
NA20527	NA20527	TSI	male
NA20528	NA20528	TSI	male
NA20529	NA20529	TSI	female
NA20530	NA20530	TSI	female
NA20531	NA20531	TSI	female
NA20532	NA20532	TSI	male
NA20533	NA20533	TSI	female
NA20534	NA20534	TSI	male
NA20535	NA20535	TSI	female
NA20536	NA20536	TSI	male
NA20538	NA20538	TSI	male
NA20539	NA20539	TSI	male
NA20540	NA20540	TSI	female
NA20541	NA20541	TSI	female
NA20542	NA20542	TSI	female
NA20543	NA20543	TSI	male
NA20544	NA20544	TSI	male
NA20581	NA20581	TSI	male
NA20582	NA20582	TSI	female
NA20585	NA20585	TSI	female
NA20586	NA20586	TSI	male
NA20587	NA20587	TSI	female
NA20588	NA20588	TSI	male
NA20589	NA20589	TSI	female
NA20752	NA20752	TSI	male
NA20753	NA20753	TSI	female
NA20754	NA20754	TSI	male
NA20755	NA20755	TSI	male
NA20756	NA20756	TSI	female
NA20757	NA20757	TSI	female
NA20758	NA20758	TSI	male
NA20759	NA20759	TSI	male
NA20760	NA20760	TSI	female
NA20761	NA20761	TSI	female
NA20762	NA20762	TSI	male
NA20763	NA20763	TSI	male
NA20764	NA20764	TSI	female
NA20765	NA20765	TSI	male
NA20766	NA20766	TSI	female
NA20767	NA20767	TSI	male
NA20768	NA20768	TSI	female
NA20769	NA20769	TSI	female
NA20770	NA20770	TSI	male
NA20771	NA20771	TSI	female
NA20772	NA20772	TSI	female
NA20773	NA20773	TSI	female
NA20774	NA20774	TSI	female
NA20775	NA20775	TSI	female
NA20778	NA20778	TSI	male
NA20783	NA20783	TSI	male
NA20785	NA20785	TSI	male
NA20786	NA20786	TSI	female
NA20787	NA20787	TSI	male
NA20790	NA20790	TSI	female
NA20792	NA20792	TSI	male
NA20795	NA20795	TSI	female
NA20796	NA20796	TSI	male
NA20797	NA20797	TSI	female
NA20798	NA20798	TSI	male
NA20799	NA20799	TSI	female
NA20800	NA20800	TSI	female
NA20801	NA20801	TSI	male
NA20802	NA20802	TSI	female
NA20803	NA20803	TSI	male
NA20804	NA20804	TSI	female
NA20805	NA20805	TSI	male
NA20806	NA20806	TSI	male
NA20807	NA20807	TSI	female
NA20808	NA20808	TSI	female
NA20809	NA20809	TSI	male
NA20810	NA20810	TSI	male
NA20811	NA20811	TSI	male
NA20812	NA20812	TSI	male
NA20813	NA20813	TSI	female
NA20814	NA20814	TSI	male
NA20815	NA20815	TSI	male
NA20818	NA20818	TSI	female
NA20819	NA20819	TSI	female
NA20821	NA20821	TSI	female
NA20822	NA20822	TSI	female
NA20826	NA20826	TSI	female
NA20827	NA20827	TSI	male
NA20828	NA20828	TSI	female
NA20832	NA20832	TSI	female
NA20845	NA20845	GIH	male
NA20846	NA20846	GIH	male
NA20847	NA20847	GIH	female
NA20849	NA20849	GIH	female
NA20850	NA20850	GIH	male
NA20851	NA20851	GIH	female
NA20852	NA20852	GIH	male
NA20853	NA20853	GIH	female
NA20854	NA20854	GIH	female
NA20856	NA20856	GIH	female
NA20858	NA20858	GIH	male
NA20859	NA20859	GIH	female
NA20861	NA20861	GIH	male
NA20862	NA20862	GIH	female
NA20863	NA20863	GIH	male
NA20864	NA20864	GIH	male
NA20866	NA20866	GIH	male
NA20867	NA20867	GIH	male
NA20868	GIH001	GIH	female
NA20869	NA20869	GIH	female
NA20870	NA20870	GIH	male
NA20872	NA20872	GIH	female
NA20874	NA20874	GIH	female
NA20875	NA20875	GIH	female
NA20876	NA20876	GIH	female
NA20877	NA20877	GIH	female
NA20878	NA20878	GIH	female
NA20881	NA20881	GIH	female
NA20882	NA20882	GIH	female
NA20884	NA20884	GIH	male
NA20885	NA20885	GIH	male
NA20886	GIH002	GIH	female
NA20887	NA20887	GIH	male
NA20888	NA20888	GIH	female
NA20889	NA20889	GIH	male
NA20890	NA20890	GIH	male
NA20891	NA20891	GIH	male
NA20892	NA20892	GIH	female
NA20894	NA20894	GIH	female
NA20895	NA20895	GIH	male
NA20896	NA20896	GIH	female
NA20897	NA20897	GIH	male
NA20899	NA20899	GIH	female
NA20900	NA20900	GIH	female
NA20901	NA20901	GIH	male
NA20902	NA20902	GIH	female
NA20903	NA20903	GIH	male
NA20904	NA20904	GIH	male
NA20905	NA20905	GIH	male
NA20906	NA20906	GIH	female
NA20908	NA20908	GIH	female
NA20910	GIH003	GIH	female
NA20911	NA20911	GIH	male
NA21086	NA21086	GIH	female
NA21087	NA21087	GIH	male
NA21088	NA21088	GIH	female
NA21089	NA21089	GIH	female
NA21090	NA21090	GIH	male
NA21091	NA21091	GIH	male
NA21092	NA21092	GIH	male
NA21093	NA21093	GIH	male
NA21094	NA21094	GIH	male
NA21095	NA21095	GIH	male
NA21097	NA21097	GIH	female
NA21098	NA21098	GIH	male
NA21099	NA21099	GIH	male
NA21100	NA21100	GIH	male
NA21101	NA21101	GIH	female
NA21102	NA21102	GIH	female
NA21103	NA21103	GIH	female
NA21104	NA21104	GIH	male
NA21105	NA21105	GIH	male
NA21106	NA21106	GIH	female
NA21107	NA21107	GIH	male
NA21108	NA21108	GIH	female
NA21109	NA21109	GIH	male
NA21110	NA21110	GIH	female
NA21111	NA21111	GIH	male
NA21112	NA21112	GIH	male
NA21113	NA21113	GIH	male
NA21114	NA21114	GIH	male
NA21115	NA21115	GIH	male
NA21116	NA21116	GIH	male
NA21117	NA21117	GIH	male
NA21118	NA21118	GIH	male
NA21119	NA21119	GIH	male
NA21120	NA21120	GIH	female
NA21122	NA21122	GIH	female
NA21123	NA21123	GIH	male
NA21124	NA21124	GIH	male
NA21125	NA21125	GIH	female
NA21126	NA21126	GIH	male
NA21127	NA21127	GIH	male
NA21128	NA21128	GIH	male
NA21129	NA21129	GIH	male
NA21130	NA21130	GIH	male
NA21133	NA21133	GIH	male
NA21135	NA21135	GIH	male
NA21137	NA21137	GIH	female
NA21141	NA21141	GIH	female
NA21142	NA21142	GIH	female
NA21143	NA21143	GIH	female
NA21144	NA21144	GIH	female
